Workbook

Sheet Summary
A1: UX4G adoption
A2: MoSJE / DoSJE | Akash Kumar, Designer | Upgrading from UX4G 2.0 to 3.0
A4: Dates
A5: First weekly report | B5: 08 Aug 2026
A6: Reporting format needed | B6: 07 Aug 2026 | F6: So the first report is filed in the expected shape.
A7: Clause 2 point raised by | B7: 16 Aug 2026 | F7: Fifteen days from issue.
A8: Replies helpful by | B8: 18 Aug 2026 | F8: After this, open items move to the register and we proceed.
A9: Full transition | B9: 31 Oct 2026
A11: Progress
A12: Figma screens using the library | B12: =Portals!D13 | F12: NOT YET MEASURED. This affects the timeline most.
A13: Latest reported (design) | B13: =IFERROR(LOOKUP(2,1/('Weekly Log'!$M$6:$M$18<>""),'Weekly Log'!$M$6:$M$18),"not yet reported")
A14: Latest reported (build) | B14: =IFERROR(LOOKUP(2,1/('Weekly Log'!$N$6:$N$18<>""),'Weekly Log'!$N$6:$N$18),"not yet reported")
A15: Weeks reported | B15: =COUNTIF('Weekly Log'!$O$6:$O$18,"Yes")
A16: Questions answered | B16: =COUNTIF(Questions!G5:G16,"Answered")&" of "&COUNTA(Questions!A5:A16)
A17: High-priority questions open | B17: =COUNTIFS(Questions!F5:F16,"High",Questions!G5:G16,"<>Answered")
A18: Register entries | B18: =COUNTA(Register!A5:A40)
A19: Milestones complete | B19: =COUNTIF(Milestones!F5:F24,"Complete")&" of "&COUNTA(Milestones!C5:C24)
A22: How to use this
A23: - Blue text on yellow means fill it in. Everything else works itself out.
A24: - Questions: twelve items we have asked about. Log replies as they arrive.
A25: - Register: what we decided and why. Anything still open on 18 August moves here and we carry on.
A26: - The register is what lets us answer later questions with a written reason rather than a recollection.

Sheet Portals
A1: Portals
A2: Order of work, and progress against each.
A4: Portal | B4: Order | C4: Already using shared components | D4: Figma screens using the library | E4: Design progress | F4: Planned | G4: Status
A5: NMBA | B5: 1 | C5: Most | F5: Week 7 | G5: Not started
A6: DoSJE website | B6: 2 | C6: Some | F6: Weeks 8-9 | G6: Not started
A7: SMILE Admin | B7: 3 | C7: Little | F7: Weeks 9-10 | G7: Not started
A8: NHAPOA | B8: 4 | C8: Little | F8: Week 10 | G8: Not started
A9: SCW | B9: 5 | C9: Little | F9: Week 11 | G9: Not started
A10: Eutthan Admin | B10: 6 | C10: None yet | F10: Week 11 | G10: Not started
A11: TG | B11: 7 | C11: Some | F11: Week 11 | G11: Not started
A12: PM-AJAY | B12: 8 | C12: Little | F12: Week 11 | G12: Not started
A13: OVERALL | D13: =IF(COUNT(D5:D12)=0,"",AVERAGE(D5:D12)) | E13: =IF(COUNT(E5:E12)=0,"",AVERAGE(E5:E12))
A15: Column D is the week 1 measurement. Screens built from library components pick up the upgrade almost automatically; detached ones need reworking individually.
A16: Order of work starts with the portal that already uses shared components most, so the method is proven before it is applied widely.

Sheet Weekly Log
A1: Weekly report log
A2: Design and build reported separately. They will not move at the same rate.
A5: Wk | B5: From | C5: To | D5: Focus | E5: NMBA | F5: DoSJE website | G5: SMILE Admin | H5: NHAPOA | I5: SCW | J5: Eutthan Admin | K5: TG | L5: PM-AJAY | M5: DESIGN overall | N5: BUILD overall | O5: Filed | P5: Notes
A6: 1 | B6: 04 Aug | C6: 08 Aug | D6: Measure library use, send questions, first report | M6: =IF(COUNT(E6:L6)=0,"",AVERAGE(E6:L6)) | O6: No
A7: 2 | B7: 11 Aug | C7: 15 Aug | D7: Duplicate and publish the library, apply colours | M7: =IF(COUNT(E7:L7)=0,"",AVERAGE(E7:L7)) | O7: No
A8: 3 | B8: 18 Aug | C8: 22 Aug | D8: Raise the clause 2 point, check contrast | M8: =IF(COUNT(E8:L8)=0,"",AVERAGE(E8:L8)) | O8: No
A9: 4 | B9: 25 Aug | C9: 29 Aug | D9: Map 2.0 against 3.0 | M9: =IF(COUNT(E9:L9)=0,"",AVERAGE(E9:L9)) | O9: No
A10: 5 | B10: 01 Sep | C10: 05 Sep | D10: Upgrade the library in place | M10: =IF(COUNT(E10:L10)=0,"",AVERAGE(E10:L10)) | O10: No
A11: 6 | B11: 08 Sep | C11: 12 Sep | D11: Build what UX4G does not cover | M11: =IF(COUNT(E11:L11)=0,"",AVERAGE(E11:L11)) | O11: No
A12: 7 | B12: 15 Sep | C12: 19 Sep | D12: First portal, to prove the method | M12: =IF(COUNT(E12:L12)=0,"",AVERAGE(E12:L12)) | O12: No
A13: 8 | B13: 22 Sep | C13: 26 Sep | D13: CHECKPOINT: is the deadline still reachable? | M13: =IF(COUNT(E13:L13)=0,"",AVERAGE(E13:L13)) | O13: No
A14: 9 | B14: 29 Sep | C14: 03 Oct | D14: Website | M14: =IF(COUNT(E14:L14)=0,"",AVERAGE(E14:L14)) | O14: No
A15: 10 | B15: 06 Oct | C15: 10 Oct | D15: Next portals | M15: =IF(COUNT(E15:L15)=0,"",AVERAGE(E15:L15)) | O15: No
A16: 11 | B16: 13 Oct | C16: 17 Oct | D16: Remaining portals | M16: =IF(COUNT(E16:L16)=0,"",AVERAGE(E16:L16)) | O16: No
A17: 12 | B17: 20 Oct | C17: 24 Oct | D17: Package the contribution | M17: =IF(COUNT(E17:L17)=0,"",AVERAGE(E17:L17)) | O17: No
A18: 13 | B18: 27 Oct | C18: 31 Oct | D18: Publish the register, final report | M18: =IF(COUNT(E18:L18)=0,"",AVERAGE(E18:L18)) | O18: No
A20: Enter each portal's design progress as a percentage. The DESIGN overall column averages them. BUILD overall is entered directly.
A21: Both figures start modest and rise. The trend is the useful part.

Sheet Questions
A1: Questions we have asked
A2: Twelve items. Full wording in the questionnaire. Anything still open on 18 Aug moves to the Register.
A4: # | B4: Section | C4: Question | D4: Why it matters | E4: If we do not hear back | F4: Priority | G4: Status | H4: Reply | I4: Who replied | J4: Date
A5: Q1 | B5: Moving 2.0 to 3.0 | C5: Is there a mapping or upgrade guide from 2.0 to 3.0? | D5: Figma matches components by name when a library is replaced. If names changed between versions, replacing could unlink components across our files. | E5: Compare the versions ourselves, write the mapping, rebuild only what does not match | F5: High | G5: Open
A6: Q2 | B6: Moving 2.0 to 3.0 | C6: If a newer version arrives mid-way, should we adopt it or finish first? | D6: Adopting mid-way means revisiting completed work. | E6: Finish against 3.0; treat any later upgrade as separate work | F6: High | G6: Open
A7: Q3 | B7: Confirming we did it right | C7: How will adoption be checked? | D7: Several checks are possible and each asks for different work: review by eye, our own declaration, components tracing to the published library, name and structure matching, or an accessibility review. | E7: Report on component and structure matching, method shared weekly | F7: High | G7: Open
A8: Q4 | B8: Confirming we did it right | C8: Who confirms a design is compliant, and at what point? | D8: Gives us a clear definition of finished. | E8: Record every submission; treat no response within two weeks as accepted | F8: High | G8: Open
A9: Q5 | B9: Confirming we did it right | C9: Is there a preferred format for recording a departure from the kit? | D9: We would rather use an existing format than invent one. | E9: Use our own register and share it weekly | F9: Medium | G9: Open
A10: Q6 | B10: Brand alignment | C10: DBIM sets structural colour rules (footer uses the darkest shade of the key colour group; icons use the key colour or white). Do these apply inside UX4G components? | D10: The few places where DBIM and UX4G could point in different directions. | E10: Follow DBIM for footer, icons and identity marks; UX4G elsewhere | F10: High | G10: Open
A11: Q7 | B11: Brand alignment | C11: DBIM defines a type scale and so does UX4G. Which should we follow? | D11: Both specify Noto Sans, so this is only sizes and spacing, but it affects every screen. | E11: UX4G's scale inside components, DBIM's for page-level content | F11: High | G11: Open
A12: Q8 | B12: Components not yet covered | C12: Where 3.0 has no component, should we build on UX4G's foundations or wait? | D12: Dense tables, dashboards, approval chains, maps and monitoring screens sit outside citizen service journeys. | E12: Build on UX4G foundations, record each, offer back | F12: High | G12: Open
A13: Q9 | B13: Components not yet covered | C13: Is anyone already building these, or are they planned for a later release? | D13: If the work exists or is coming, we would rather wait than duplicate it. | E13: Assume none exists yet and build our own | F13: High | G13: Open
A14: Q10 | B14: Components not yet covered | C14: If we build them, how would you like them submitted? | D14: The directive asks us to contribute back and we would like to do it properly. | E14: Package as a Figma file with written specifications | F14: Medium | G14: Open
A15: Q11 | B15: Scope | C15: Does this apply to portals already built and live, or new work only? | D15: Affects the size of the job more than anything else here. | E15: Upgrade existing portals alongside new work, report on both | F15: High | G15: Open
A16: Q12 | B16: Scope | C16: Do already-approved designs need approving again once re-themed? | D16: Some screens are already signed off and re-theming changes how they look. | E16: Re-theme without seeking approval again unless layout or content changes | F16: Medium | G16: Open
A18: When a question closes as 'No reply - assumed', copy it into the Register with its assumption. That is what makes the reasoning easy to explain later.

Sheet Register
A1: Decision register
A2: What we decided and why, recorded for transparency. Shared with each weekly report so nothing arrives as a surprise.
A4: # | B4: Decision | C4: Reasoning | D4: Recorded | E4: Open until | F4: Status | G4: Comments received | H4: Notes
A5: R1 | B5: Duplicate the UX4G Community file, move it to our team project, publish it as one library used across every portal | C5: Follows the published UX4G guidance, and one library keeps all portals consistent. | D5: 04 Aug 2026 | E5: 18 Aug 2026 | F5: Open for comment
A6: R2 | B6: Apply the ministry's key colour group through Theme Craft, leaving component structure, spacing and states untouched | C6: DBIM sets the colour group and Theme Craft is UX4G's own way of applying it. | D6: 04 Aug 2026 | E6: 18 Aug 2026 | F6: Open for comment
A7: R3 | B7: Check the 2.0 to 3.0 component mapping before changing the library, rather than replacing it outright | C7: Component names may have changed between versions, and replacing a library matches by name. Checking first avoids unlinking existing work. | D7: 04 Aug 2026 | E7: 18 Aug 2026 | F7: Open for comment
A8: R4 | B8: Keep our existing Material Symbols icons at the size UX4G specifies | C8: It is the current version of the icon set UX4G uses by default, so the visual language matches. | D8: 04 Aug 2026 | E8: 18 Aug 2026 | F8: Open for comment
A9: R5 | B9: Where UX4G has no component, build on its foundations rather than bringing one in from elsewhere | C9: Keeps everything traceable to UX4G and makes the work useful to others. | D9: 04 Aug 2026 | E9: 18 Aug 2026 | F9: Open for comment
A10: R6 | B10: Only detach a component from the library when we write down the reason | C10: Keeps the file honest and gives us a record if anyone asks later. | D10: 04 Aug 2026 | E10: 18 Aug 2026 | F10: Open for comment
A11: R7 | B11: Treat new page layouts assembled from existing UX4G components as compliant without separate approval | C11: Otherwise every screen needs a sign-off, which would slow things considerably. | D11: 04 Aug 2026 | E11: 18 Aug 2026 | F11: Open for comment
A12: R8 | B12: Continue checking accessibility ourselves at page level | C12: Compliant components do not by themselves make a page accessible. Heading order, focus order and landmarks stay with us. | D12: 04 Aug 2026 | E12: 18 Aug 2026 | F12: Open for comment
A13: R9 | B13: Keep a dated copy of the UX4G kit and guidance as they stood on the day we copied them | C13: So a later question about why something looks a certain way can be answered against the guidance as it was at the time. | D13: 04 Aug 2026 | E13: 18 Aug 2026 | F13: Open for comment
A42: Add a row for every further decision, and for every question that gets no reply. Write the reasoning so it reads well to someone who was not there at the time.

Sheet Milestones
A1: Milestones
A2: Thirteen weeks, 04 August to 31 October 2026.
A4: Wk | B4: Dates | C4: What | D4: Done when | E4: Owner | F4: Status | G4: Notes
A5: 1 | B5: 04-08 Aug | C5: Measure how much of our Figma work uses library components | D5: Figure known | E5: Designer | F5: Not started
A6: 1 | B6: 04-08 Aug | C6: Send the questions and decisions document | D6: Sent | E6: Designer | F6: Not started
A7: 1 | B7: 04-08 Aug | C7: Raise Q1, Q3 and Q8 on the Thursday call | D7: Discussed | E7: Designer | F7: Not started
A8: 1 | B8: 04-08 Aug | C8: File the first weekly report | D8: Filed | E8: Designer | F8: Not started
A9: 2 | B9: 11-15 Aug | C9: Duplicate the UX4G 3.0 kit and publish it as our library | D9: Published | E9: Designer | F9: Not started
A10: 2 | B10: 11-15 Aug | C10: Apply the ministry key colour group through Theme Craft | D10: Applied | E10: Designer | F10: Not started
A11: 2 | B11: 11-15 Aug | C11: Check colour contrast across every combination | D11: Verified | E11: Designer | F11: Not started
A12: 3 | B12: 18-22 Aug | C12: Raise the clause 2 point | D12: On record | E12: Designer | F12: Not started
A13: 4 | B13: 25-29 Aug | C13: Compare our 2.0 components against 3.0 and write the mapping | D13: Mapping written | E13: Designer | F13: Not started
A14: 5 | B14: 01-05 Sep | C14: Upgrade the library in place where names allow | D14: Upgraded | E14: Designer | F14: Not started
A15: 5 | B15: 01-05 Sep | C15: Rebuild components where the mapping does not hold | D15: Rebuilt | E15: Designer | F15: Not started
A16: 5 | B16: 01-05 Sep | C16: Check a sample of every portal for accidental unlinking | D16: Sample checked | E16: Designer | F16: Not started
... A24: 13 | B24: 27-31 Oct | C24: Publish the decision register and final report | D24: Complete | E24: Designer | F24: Not started
A26: Three external dates: reporting format (07 Aug), clause 2 point (16 Aug), replies to our questions (18 Aug). Week 8 is the internal checkpoint.

Sheet Risks
A1: Risks
A2: Reviewed weekly alongside the report.
A4: # | B4: Risk | C4: Likelihood | D4: Impact | E4: What we do about it | F4: Owner | G4: Status | H4: Notes
A5: K1 | B5: Replacing the library unlinks components across our files, because 2.0 and 3.0 names differ | C5: Medium | D5: Very high | E5: Map the versions first, upgrade in place, test on one portal before going wider. | F5: Designer | G5: Open
A6: K2 | B6: Fewer of our Figma screens use library components than hoped | C6: High | D6: High | E6: Measured in week 1, before we commit to a rate. | F6: Designer | G6: Open
A7: K3 | B7: What counts as compliant is defined late | C7: Medium | D7: High | E7: Report the most objective measure available and keep the register, so any definition can be evidenced afterwards. | F7: Designer | G7: Open
A8: K4 | B8: UX4G has nothing yet for tables, dashboards, charts or maps | C8: High | D8: High | E8: Build on its foundations, record each, offer back. | F8: Designer | G8: Open
A9: K5 | B9: A newer UX4G version lands mid-project | C9: Medium | D9: High | E9: Finish against 3.0 and treat the upgrade as separate work. | F9: Designer | G9: Open
A10: K6 | B10: Structural DBIM colour rules conflict with UX4G component styling | C10: Low | D10: Medium | E10: Asked in the questionnaire; following DBIM for identity in the meantime. | F10: Designer | G10: Open
A11: K7 | B11: Already-approved designs need approving again | C11: Medium | D11: High | E11: Settle it before week 7. | F11: Designer | G11: Open
A12: K8 | B12: The report format differs from what is expected | C12: Medium | D12: High | E12: Ask for the format before 07 August. | F12: Designer | G12: Open
A14: K1 is the one that could undo existing work rather than delay it. Figma matches components by name when a library is replaced, and 2.0 and 3.0 names may differ.
